,driver_id,url_imagem
0,121,//upload.wikimedia.org/wikipedia/commons/thumb/7/71/Michael_Andretti_2007_Michigan.jpg/220px-Michael_Andretti_2007_Michigan.jpg
1,158,//upload.wikimedia.org/wikipedia/commons/thumb/8/87/Eddie_Cheever_Jr_2009_Indy_500_Second_Qual_Day.JPG/220px-Eddie_Cheever_Jr_2009_Indy_500_Second_Qual_Day.JPG
2,193,//upload.wikimedia.org/wikipedia/commons/thumb/1/18/DannySullivanAt2015indy500.JPG/220px-DannySullivanAt2015indy500.JPG
3,207,//upload.wikimedia.org/wikipedia/commons/thumb/c/c3/Mario_Andretti_Goodwood_Festival_of_Speed_2021_%28cropped%29.jpg/220px-Mario_Andretti_Goodwood_Festival_of_Speed_2021_%28cropped%29.jpg
4,240,//upload.wikimedia.org/wikipedia/commons/thumb/f/f5/Ongais%2C_Danny_%281984%29.jpg/150px-Ongais%2C_Danny_%281984%29.jpg
5,249,//upload.wikimedia.org/wikipedia/commons/thumb/6/69/Bobby_Rahal_%282021%29.jpg/220px-Bobby_Rahal_%282021%29.jpg
6,288,//upload.wikimedia.org/wikipedia/commons/thumb/a/a0/Mark_Donohue_JPGP_S_75.jpg/220px-Mark_Donohue_JPGP_S_75.jpg
7,309,//upload.wikimedia.org/wikipedia/commons/thumb/c/c1/Peter_Revson_1973_N%C3%BCrburgring_a.jpg/220px-Peter_Revson_1973_N%C3%BCrburgring_a.jpg
8,332,//upload.wikimedia.org/wikipedia/commons/thumb/3/34/George_Follmer_1973.jpg/250px-George_Follmer_1973.jpg
9,364,//upload.wikimedia.org/wikipedia/commons/thumb/b/b8/Dan_Gurney_%281970%29.jpg/220px-Dan_Gurney_%281970%29.jpg
10,381,//upload.wikimedia.org/wikipedia/commons/thumb/d/d2/Bobby_Unser_-_2015_Indianapolis_500_-_Sarah_Stierch.jpg/220px-Bobby_Unser_-_2015_Indianapolis_500_-_Sarah_Stierch.jpg
11,386,//upload.wikimedia.org/wikipedia/commons/thumb/5/5b/Richie_Ginther_1966_N%C3%BCrburgring.jpg/220px-Richie_Ginther_1966_N%C3%BCrburgring.jpg
12,396,//upload.wikimedia.org/wikipedia/commons/thumb/c/c1/Bob_Portrait2_sm.jpg/220px-Bob_Portrait2_sm.jpg
13,403,//upload.wikimedia.org/wikipedia/commons/thumb/8/84/Phil_Hill_1991_USA_%28cropped%29.jpg/220px-Phil_Hill_1991_USA_%28cropped%29.jpg
14,405,//upload.wikimedia.org/wikipedia/commons/thumb/2/2b/Ron_Bucknum_met_zijn_Honda_%281964%29.jpg/220px-Ron_Bucknum_met_zijn_Honda_%281964%29.jpg
15,418,//upload.wikimedia.org/wikipedia/commons/thumb/2/2c/GregoryMasten1965.jpg/220px-GregoryMasten1965.jpg
16,440,//upload.wikimedia.org/wikipedia/commons/3/37/Jim_Hall_%28racer%29.jpg
17,449,//upload.wikimedia.org/wikipedia/en/thumb/4/48/Rodger_Ward.jpg/220px-Rodger_Ward.jpg
18,468,//upload.wikimedia.org/wikipedia/commons/thumb/7/73/Roger_S._Penske_%282019%29.jpg/220px-Roger_S._Penske_%282019%29.jpg
19,501,//upload.wikimedia.org/wikipedia/commons/thumb/9/95/1957ArgentineGP05_%28cropped%29.jpg/220px-1957ArgentineGP05_%28cropped%29.jpg
20,508,//upload.wikimedia.org/wikipedia/commons/thumb/2/21/Lance_Reventlow_and_actress_Cheryl_Holdridge_wedding_portrait%2C_Calif.%2C_1964.jpg/220px-Lance_Reventlow_and_actress_Cheryl_Holdridge_wedding_portrait%2C_Calif.%2C_1964.jpg
21,521,//upload.wikimedia.org/wikipedia/commons/thumb/7/72/Chuck_Stevenson_1952cr.jpg/240px-Chuck_Stevenson_1952cr.jpg
22,524,//upload.wikimedia.org/wikipedia/commons/thumb/3/39/Jim_Hurtubise.jpg/220px-Jim_Hurtubise.jpg
23,531,//upload.wikimedia.org/wikipedia/commons/thumb/6/62/AJ_Foyt_at_Foyt_Wine_Vault_-_2015_-_Sarah_Stierch_2.jpg/220px-AJ_Foyt_at_Foyt_Wine_Vault_-_2015_-_Sarah_Stierch_2.jpg
24,559,//upload.wikimedia.org/wikipedia/en/thumb/7/7e/PatFlaherty%28racingdriver%29Image.jpg/220px-PatFlaherty%28racingdriver%29Image.jpg
25,566,//upload.wikimedia.org/wikipedia/commons/1/13/CarrollShelbyVIR2007.jpg
26,575,//upload.wikimedia.org/wikipedia/commons/thumb/e/e7/Trainingsdag_sportwagenraces_Zandvoort_Amerikaan._Boris_%27Bob_Said_bij_zijn_Ferr%E2%80%A6%2C_Bestanddeelnr_906-6631_%28cropped%29.jpg/220px-Trainingsdag_sportwagenraces_Zandvoort_Amerikaan._Boris_%27Bob_Said_bij_zijn_Ferr%E2%80%A6%2C_Bestanddeelnr_906-6631_%28cropped%29.jpg
27,591,//upload.wikimedia.org/wikipedia/en/0/0d/George_Amick.jpg
28,657,//upload.wikimedia.org/wikipedia/en/6/60/Bill_Vukovich_2.jpg
29,680,//upload.wikimedia.org/wikipedia/commons/thumb/5/5f/Jacques_Swaters_1980.jpg/220px-Jacques_Swaters_1980.jpg
30,734,//upload.wikimedia.org/wikipedia/en/5/5b/Bobby_Ball_%28racing_driver%29.jpg
31,766,//upload.wikimedia.org/wikipedia/commons/thumb/3/3a/Leewallard.jpg/220px-Leewallard.jpg
32,794,//upload.wikimedia.org/wikipedia/en/thumb/5/59/JoieChitwoodImage.jpg/220px-JoieChitwoodImage.jpg
33,51,//upload.wikimedia.org/wikipedia/commons/thumb/2/2b/Justin_Wilson_2013.jpg/220px-Justin_Wilson_2013.jpg
34,56,//upload.wikimedia.org/wikipedia/commons/thumb/e/eb/Eddie_Irvine_after_the_1999_Australian_Grand_Prix.jpg/220px-Eddie_Irvine_after_the_1999_Australian_Grand_Prix.jpg
35,65,//upload.wikimedia.org/wikipedia/commons/thumb/8/8e/Johnny_Herbert_at_Goodwood_2014_002.jpg/220px-Johnny_Herbert_at_Goodwood_2014_002.jpg
36,66,//upload.wikimedia.org/wikipedia/commons/thumb/8/87/Allan_Mcnish.jpg/220px-Allan_Mcnish.jpg
37,71,//upload.wikimedia.org/wikipedia/commons/thumb/f/ff/Damon_Hill_May_2012_Cropped.jpg/220px-Damon_Hill_May_2012_Cropped.jpg
38,84,//upload.wikimedia.org/wikipedia/commons/thumb/e/e0/2016_24_Hours_of_Le_Mans_Brundle-9_%2827688615602%29.jpg/190px-2016_24_Hours_of_Le_Mans_Brundle-9_%2827688615602%29.jpg
39,87,//upload.wikimedia.org/wikipedia/commons/thumb/1/18/Mark_Blundell_portrait_2011.jpg/220px-Mark_Blundell_portrait_2011.jpg
40,95,//upload.wikimedia.org/wikipedia/commons/thumb/b/b7/Nigel_Mansell_-_Mexican_Grand_Prix_01.JPG/220px-Nigel_Mansell_-_Mexican_Grand_Prix_01.JPG
41,118,//upload.wikimedia.org/wikipedia/commons/thumb/4/47/Derek_Warwick_Silverstone_2014.JPG/220px-Derek_Warwick_Silverstone_2014.JPG
42,135,//upload.wikimedia.org/wikipedia/commons/thumb/a/a3/2003_pq_paddocks-perry-mccarthy.jpg/220px-2003_pq_paddocks-perry-mccarthy.jpg
43,151,//upload.wikimedia.org/wikipedia/commons/thumb/7/7f/Martin_Donnelly_VW_Scirocco_R-Cup_-_2012.jpg/220px-Martin_Donnelly_VW_Scirocco_R-Cup_-_2012.jpg
44,156,//upload.wikimedia.org/wikipedia/commons/thumb/2/2b/Jonathan_Palmer_Profile.jpg/220px-Jonathan_Palmer_Profile.jpg
45,174,//upload.wikimedia.org/wikipedia/commons/thumb/1/12/Coronet_of_a_British_Marquess.svg/120px-Coronet_of_a_British_Marquess.svg.png
46,187,//upload.wikimedia.org/wikipedia/commons/thumb/4/4e/Watson_at_1982_Dutch_Grand_Prix.jpg/220px-Watson_at_1982_Dutch_Grand_Prix.jpg
47,205,//upload.wikimedia.org/wikipedia/commons/thumb/c/c4/Brian_Henton_%281971%29.jpg/250px-Brian_Henton_%281971%29.jpg
48,211,//upload.wikimedia.org/wikipedia/commons/thumb/2/22/L18.34.10_-_Formel_1_-_24_-_Hesketh_308E%2C_1977_-_Graham_Williams_-_paddock_-_DSC_0628_Balancer_%2836986883421%29.jpg/220px-L18.34.10_-_Formel_1_-_24_-_Hesketh_308E%2C_1977_-_Graham_Williams_-_paddock_-_DSC_0628_Balancer_%2836986883421%29.jpg
49,227,//upload.wikimedia.org/wikipedia/commons/thumb/8/8e/TiffNeedell.jpg/220px-TiffNeedell.jpg
50,231,//upload.wikimedia.org/wikipedia/commons/thumb/1/12/J._Hunt_in_1977_%28cropped%29.jpg/220px-J._Hunt_in_1977_%28cropped%29.jpg
51,245,//upload.wikimedia.org/wikipedia/commons/thumb/0/06/Tony_Trimmer_1975_RoC.jpg/220px-Tony_Trimmer_1975_RoC.jpg
52,252,//upload.wikimedia.org/wikipedia/en/thumb/d/da/TomPryce_BrandsHatch.jpg/220px-TomPryce_BrandsHatch.jpg
53,259,//upload.wikimedia.org/wikipedia/en/thumb/e/e9/Davidpurley.jpg/220px-Davidpurley.jpg
54,262,//upload.wikimedia.org/wikipedia/commons/thumb/f/f5/Jackie_Oliver_1969_kl.JPG/220px-Jackie_Oliver_1969_kl.JPG
55,270,//upload.wikimedia.org/wikipedia/commons/thumb/7/7b/Ian_Ashley.jpg/250px-Ian_Ashley.jpg
56,276,//upload.wikimedia.org/wikipedia/commons/thumb/a/a3/Monaco_1975_-_Bob_Evans_-_NQ.jpg/220px-Monaco_1975_-_Bob_Evans_-_NQ.jpg
57,283,//upload.wikimedia.org/wikipedia/commons/thumb/f/f4/Racing_driver_Mike_Wilds.jpg/220px-Racing_driver_Mike_Wilds.jpg
58,289,//upload.wikimedia.org/wikipedia/commons/thumb/f/fc/Graham_Hill_Bestanddeelnr_924-6564.jpg/220px-Graham_Hill_Bestanddeelnr_924-6564.jpg
59,302,//upload.wikimedia.org/wikipedia/commons/thumb/2/2c/JimCrawford1988Indy500.JPG/220px-JimCrawford1988Indy500.JPG
60,305,//upload.wikimedia.org/wikipedia/commons/thumb/f/f0/Mike_Hailwood.jpg/220px-Mike_Hailwood.jpg
61,312,//upload.wikimedia.org/wikipedia/commons/thumb/0/01/Brian_Redman_1969_kl.JPG/220px-Brian_Redman_1969_kl.JPG
62,320,//upload.wikimedia.org/wikipedia/commons/thumb/4/4d/Peter_Gethin%2C_Bestanddeelnr_924-6614.jpg/220px-Peter_Gethin%2C_Bestanddeelnr_924-6614.jpg
63,321,//upload.wikimedia.org/wikipedia/commons/thumb/6/6a/Derek_Bell_%282356476570%29.jpg/220px-Derek_Bell_%282356476570%29.jpg
64,322,//upload.wikimedia.org/wikipedia/commons/thumb/4/4a/David_Hobbs.jpg/220px-David_Hobbs.jpg
65,328,//upload.wikimedia.org/wikipedia/commons/thumb/4/4b/Jackie_Stewart_at_the_2014_WEC_Silverstone_round.jpg/220px-Jackie_Stewart_at_the_2014_WEC_Silverstone_round.jpg
66,329,//upload.wikimedia.org/wikipedia/commons/thumb/4/40/1972_French_Grand_Prix_Beuttler_%285225615113%29.jpg/220px-1972_French_Grand_Prix_Beuttler_%285225615113%29.jpg
67,335,//upload.wikimedia.org/wikipedia/commons/thumb/1/1b/Roger_Williamson_statue_Donington_Park.jpg/220px-Roger_Williamson_statue_Donington_Park.jpg
68,341,//upload.wikimedia.org/wikipedia/commons/thumb/c/c3/John_Surtees.JPG/220px-John_Surtees.JPG
69,350,//upload.wikimedia.org/wikipedia/commons/thumb/f/f8/Vic_Elford_Watkins_Glen_2010_%28cropped%29.jpg/220px-Vic_Elford_Watkins_Glen_2010_%28cropped%29.jpg
70,357,//upload.wikimedia.org/wikipedia/commons/thumb/3/39/John_Miles_1970_N%C3%BCrburgring.jpg/220px-John_Miles_1970_N%C3%BCrburgring.jpg
71,361,//upload.wikimedia.org/wikipedia/commons/thumb/3/32/Piers_Courage_1968_N%C3%BCrburgring.JPG/220px-Piers_Courage_1968_N%C3%BCrburgring.JPG
72,367,//upload.wikimedia.org/wikipedia/commons/thumb/9/98/Peter_Westbury_1970_N%C3%BCrburgring.JPG/220px-Peter_Westbury_1970_N%C3%BCrburgring.JPG
73,370,//upload.wikimedia.org/wikipedia/commons/thumb/4/4f/Richard_Attwood_1968_kl.JPG/220px-Richard_Attwood_1968_kl.JPG
74,373,//upload.wikimedia.org/wikipedia/commons/thumb/0/02/Jim_Clark_1965.jpg/220px-Jim_Clark_1965.jpg
75,378,//upload.wikimedia.org/wikipedia/commons/thumb/7/76/Robin_Widdows_1970_N%C3%BCrburgring.JPG/220px-Robin_Widdows_1970_N%C3%BCrburgring.JPG
76,383,//upload.wikimedia.org/wikipedia/en/c/ce/Bob_Anderson_%28racing_driver%29.jpg
77,387,//upload.wikimedia.org/wikipedia/commons/thumb/8/86/Mike_Parkes_1969_kl.JPG/220px-Mike_Parkes_1969_kl.JPG
78,388,//upload.wikimedia.org/wikipedia/commons/thumb/6/65/Chris_Irwin_1968.JPG/220px-Chris_Irwin_1968.JPG
79,395,//upload.wikimedia.org/wikipedia/commons/thumb/5/51/Jonathan_Williams_1966.jpg/220px-Jonathan_Williams_1966.jpg
80,397,//upload.wikimedia.org/wikipedia/commons/thumb/e/e3/Peter_Arundell_1968_kl.JPG/220px-Peter_Arundell_1968_kl.JPG
81,399,//upload.wikimedia.org/wikipedia/commons/thumb/2/28/John_Taylor_1966.jpg/220px-John_Taylor_1966.jpg
82,404,//upload.wikimedia.org/wikipedia/commons/thumb/8/8c/Innes_Ireland.jpg/220px-Innes_Ireland.jpg
83,422,//upload.wikimedia.org/wikipedia/commons/thumb/8/8b/Briangubby.jpg/220px-Briangubby.jpg
84,453,//upload.wikimedia.org/wikipedia/commons/thumb/3/37/Photograph_of_Jackie_Lewis_in_1961.jpg/220px-Photograph_of_Jackie_Lewis_in_1961.jpg
85,456,//upload.wikimedia.org/wikipedia/commons/thumb/4/43/1958-03-22_Sebring_Roy_Salvadori.jpg/220px-1958-03-22_Sebring_Roy_Salvadori.jpg
86,475,//upload.wikimedia.org/wikipedia/commons/thumb/6/64/Stirling_Moss_2014_2_amk.jpg/220px-Stirling_Moss_2014_2_amk.jpg
87,490,//upload.wikimedia.org/wikipedia/commons/thumb/d/d4/Geoff_Duke_%281951%29.jpg/220px-Geoff_Duke_%281951%29.jpg
88,495,//upload.wikimedia.org/wikipedia/en/thumb/4/4c/Kenneth_Henry_Miles.jpg/220px-Kenneth_Henry_Miles.jpg
89,502,//upload.wikimedia.org/wikipedia/commons/3/39/Alan_Stacey_1960.jpg
90,505,//upload.wikimedia.org/wikipedia/en/2/2a/Chris_Bristow.gif
91,578,//upload.wikimedia.org/wikipedia/en/thumb/9/99/Mike_Hawthorn.jpg/220px-Mike_Hawthorn.jpg
92,581,//upload.wikimedia.org/wikipedia/en/thumb/5/5e/Peter_Collins_car_racer.jpg/220px-Peter_Collins_car_racer.jpg
93,587,//upload.wikimedia.org/wikipedia/commons/thumb/2/28/Bernie_Ecclestone_2012_Bahrain_%28cropped%29.jpg/220px-Bernie_Ecclestone_2012_Bahrain_%28cropped%29.jpg
94,635,//upload.wikimedia.org/wikipedia/commons/thumb/f/f0/Colin_Chapman_%281965%29.jpg/220px-Colin_Chapman_%281965%29.jpg
95,652,//upload.wikimedia.org/wikipedia/commons/thumb/9/91/Ted_Whiteaway.jpg/220px-Ted_Whiteaway.jpg
96,663,//upload.wikimedia.org/wikipedia/en/thumb/4/40/Ken_Wharton_Motor_Sport_1953.jpg/220px-Ken_Wharton_Motor_Sport_1953.jpg
97,665,//upload.wikimedia.org/wikipedia/commons/thumb/9/9f/Leslie_Marr_with_painting_2019_%28cropped%29.jpg/220px-Leslie_Marr_with_painting_2019_%28cropped%29.jpg
98,666,//upload.wikimedia.org/wikipedia/commons/thumb/b/b3/Autoraces_te_Zandvoort._Tony_Rolt_met_zijn_Alfa_Romeo_onderaan_de_Hunzerug%2C_Bestanddeelnr_902-9012.jpg/220px-Autoraces_te_Zandvoort._Tony_Rolt_met_zijn_Alfa_Romeo_onderaan_de_Hunzerug%2C_Bestanddeelnr_902-9012.jpg
99,682,//upload.wikimedia.org/wikipedia/en/d/dc/Don_Beauman.jpg
100,686,//upload.wikimedia.org/wikipedia/commons/thumb/7/72/Autoraces_te_Zandvoort%2C_Bestanddeelnr_902-9002.jpg/220px-Autoraces_te_Zandvoort%2C_Bestanddeelnr_902-9002.jpg
101,707,//upload.wikimedia.org/wikipedia/commons/thumb/a/ae/Stewart_Ian_Gordon_Highlanders.jpg/220px-Stewart_Ian_Gordon_Highlanders.jpg
102,742,//upload.wikimedia.org/wikipedia/en/f/f5/Dennis_Poore.JPG
103,743,//upload.wikimedia.org/wikipedia/en/thumb/f/fe/Eric_Thompson_%28racing_driver%29.jpeg/220px-Eric_Thompson_%28racing_driver%29.jpeg
104,744,//upload.wikimedia.org/wikipedia/commons/thumb/5/52/Ken_Downing_driver.jpg/200px-Ken_Downing_driver.jpg
105,788,//upload.wikimedia.org/wikipedia/commons/thumb/4/47/Joe_Fry.jpg/220px-Joe_Fry.jpg
106,45,//upload.wikimedia.org/wikipedia/commons/thumb/7/7d/Giorgio_pantano_brandshatch2014.JPG/220px-Giorgio_pantano_brandshatch2014.JPG
107,46,//upload.wikimedia.org/wikipedia/commons/thumb/d/db/Gianmaria_Bruni_2012_WEC_Fuji.jpg/220px-Gianmaria_Bruni_2012_WEC_Fuji.jpg
108,70,//upload.wikimedia.org/wikipedia/commons/thumb/3/36/Alex_Zanardi_%28cropped%29.JPG/220px-Alex_Zanardi_%28cropped%29.JPG
109,78,//upload.wikimedia.org/wikipedia/commons/thumb/6/6d/Nicola_Larini_2006_Curitiba.jpg/220px-Nicola_Larini_2006_Curitiba.jpg
110,81,//upload.wikimedia.org/wikipedia/commons/thumb/1/16/Gianni_morbidelli_spafrancorchamps2014.JPG/200px-Gianni_morbidelli_spafrancorchamps2014.JPG
111,85,//upload.wikimedia.org/wikipedia/commons/thumb/1/19/Andrea_montermini_brandshatch2014.JPG/220px-Andrea_montermini_brandshatch2014.JPG
112,94,//upload.wikimedia.org/wikipedia/commons/thumb/5/58/Pierluigi_Martini_in_2016.jpg/220px-Pierluigi_Martini_in_2016.jpg
113,97,//upload.wikimedia.org/wikipedia/commons/thumb/c/cb/Max_papis_%2830129892652%29_%28cropped%29.jpg/220px-Max_papis_%2830129892652%29_%28cropped%29.jpg
114,99,//upload.wikimedia.org/wikipedia/commons/thumb/9/9a/Gabriele_tarquini_spafrancorchamps2014.JPG/200px-Gabriele_tarquini_spafrancorchamps2014.JPG
115,105,//upload.wikimedia.org/wikipedia/commons/thumb/4/4d/SCA_0029_MICHELE_ALBORETO_-_Ferrari_F_1-87_-_1987_neg._125_10x15_R.JPG/220px-SCA_0029_MICHELE_ALBORETO_-_Ferrari_F_1-87_-_1987_neg._125_10x15_R.JPG
116,110,//upload.wikimedia.org/wikipedia/commons/thumb/2/22/Andrea_De_Cesaris_1982.jpg/220px-Andrea_De_Cesaris_1982.jpg
117,119,//upload.wikimedia.org/wikipedia/commons/thumb/9/95/RiccardoPatrese.jpg/220px-RiccardoPatrese.jpg
118,122,//upload.wikimedia.org/wikipedia/commons/thumb/d/d4/Capelli_1991.jpg/220px-Capelli_1991.jpg
119,133,//upload.wikimedia.org/wikipedia/commons/thumb/f/fa/Alex_Caffi_1991.jpg/220px-Alex_Caffi_1991.jpg
120,139,//upload.wikimedia.org/wikipedia/commons/thumb/1/1b/Emanuele_Pirro_2012_WEC_Fuji_2.jpg/220px-Emanuele_Pirro_2012_WEC_Fuji_2.jpg
121,152,//upload.wikimedia.org/wikipedia/commons/thumb/7/77/1982_Alfa_Romeo_182.jpg/220px-1982_Alfa_Romeo_182.jpg
122,173,//upload.wikimedia.org/wikipedia/commons/thumb/4/4e/Anefo_932-2371_Elio_de_Angelis_03.07.1982.jpg/220px-Anefo_932-2371_Elio_de_Angelis_03.07.1982.jpg
123,184,//upload.wikimedia.org/wikipedia/commons/thumb/8/80/Mauro_Baldi_1982.jpg/220px-Mauro_Baldi_1982.jpg
124,204,//upload.wikimedia.org/wikipedia/en/thumb/8/81/RiccardoPaletti.jpg/200px-RiccardoPaletti.jpg
125,213,//upload.wikimedia.org/wikipedia/commons/9/9f/Beppe_Gabbiani_crop.jpg
126,216,//upload.wikimedia.org/wikipedia/commons/thumb/3/30/1981_Argentine_Grand_Prix%2C_Stohr.jpg/220px-1981_Argentine_Grand_Prix%2C_Stohr.jpg
127,230,//upload.wikimedia.org/wikipedia/commons/thumb/7/75/Vittorio_Brambilla.jpg/220px-Vittorio_Brambilla.jpg
128,232,//upload.wikimedia.org/wikipedia/commons/thumb/1/1e/Mezario_holds_court_%28cropped%29.jpg/220px-Mezario_holds_court_%28cropped%29.jpg
129,241,//upload.wikimedia.org/wikipedia/commons/thumb/2/21/Lamberto_Leoni_%281974%29.jpg/220px-Lamberto_Leoni_%281974%29.jpg
130,248,//upload.wikimedia.org/wikipedia/commons/thumb/d/dd/Gimax_GP_Monza_1978.png/220px-Gimax_GP_Monza_1978.png
131,254,//upload.wikimedia.org/wikipedia/en/thumb/2/2e/Renzo_Zorzi.jpg/220px-Renzo_Zorzi.jpg
132,275,//upload.wikimedia.org/wikipedia/commons/thumb/0/08/Lella-Garage-Reading-04.jpg/220px-Lella-Garage-Reading-04.jpg
133,325,//upload.wikimedia.org/wikipedia/commons/thumb/a/a3/Carlo_Facetti_-_1975_-_Lancia_Marlboro.jpg/220px-Carlo_Facetti_-_1975_-_Lancia_Marlboro.jpg
134,330,//upload.wikimedia.org/wikipedia/commons/thumb/1/17/Nanni_Galli%2C_Alfa_Romeo_33.3%2C_1971-05-29.jpg/220px-Nanni_Galli%2C_Alfa_Romeo_33.3%2C_1971-05-29.jpg
135,333,//upload.wikimedia.org/wikipedia/commons/thumb/7/75/Andrea_De_Adamich_-_Alfa_Romeo_Giulia_2000_GTAm_%281972_Monza_4_Hours%29.jpg/220px-Andrea_De_Adamich_-_Alfa_Romeo_Giulia_2000_GTAm_%281972_Monza_4_Hours%29.jpg
136,375,//upload.wikimedia.org/wikipedia/commons/thumb/b/b7/Ludivico_Scarfiotti_1966_N%C3%BCrburgring.jpg/220px-Ludivico_Scarfiotti_1966_N%C3%BCrburgring.jpg
137,385,//upload.wikimedia.org/wikipedia/commons/thumb/d/d8/Bandini1966cropped.jpg/220px-Bandini1966cropped.jpg
138,394,//upload.wikimedia.org/wikipedia/commons/thumb/2/21/Giancarlo_Baghetti_a_Monza_-_1962.jpg/220px-Giancarlo_Baghetti_a_Monza_-_1962.jpg
139,402,//upload.wikimedia.org/wikipedia/commons/thumb/7/79/Giacomo_Russo_1966.jpg/220px-Giacomo_Russo_1966.jpg
140,425,//upload.wikimedia.org/wikipedia/commons/thumb/b/be/Vaccarella%2C_Nino_1972-07-07.jpg/220px-Vaccarella%2C_Nino_1972-07-07.jpg
141,443,//upload.wikimedia.org/wikipedia/commons/thumb/1/17/Tino_Ernesto_Brambilla.jpg/220px-Tino_Ernesto_Brambilla.jpg
142,446,//upload.wikimedia.org/wikipedia/commons/thumb/0/0d/1963-05-19_Ferrari_250_TRI_von_Abate_u._Maglioli%2C_N%C3%BCrburgring.jpg/220px-1963-05-19_Ferrari_250_TRI_von_Abate_u._Maglioli%2C_N%C3%BCrburgring.jpg
143,483,//upload.wikimedia.org/wikipedia/commons/thumb/9/9e/1957-08-18_Pescara_GP_Maserati_250_Scarlatti.jpg/220px-1957-08-18_Pescara_GP_Maserati_250_Scarlatti.jpg
144,487,//upload.wikimedia.org/wikipedia/en/thumb/3/3d/Massimo_Natili.jpg/220px-Massimo_Natili.jpg
145,489,//upload.wikimedia.org/wikipedia/commons/thumb/b/b5/Renato_Pirocchi_-_VII_Gran_Premio_di_Modena_F1_1961.jpg/220px-Renato_Pirocchi_-_VII_Gran_Premio_di_Modena_F1_1961.jpg
146,543,//upload.wikimedia.org/wikipedia/commons/thumb/d/d7/Giulio_Cabianca_in_an_OSCA_%28cropped%29.jpg/220px-Giulio_Cabianca_in_an_OSCA_%28cropped%29.jpg
147,544,//upload.wikimedia.org/wikipedia/commons/thumb/e/e8/1962_ASA_1000_GTC_Drogo_Bizzarini.jpg/250px-1962_ASA_1000_GTC_Drogo_Bizzarini.jpg
148,551,//upload.wikimedia.org/wikipedia/commons/thumb/8/88/Maria_Teresa_de_Filippis_%28cropped%29.jpg/220px-Maria_Teresa_de_Filippis_%28cropped%29.jpg
149,577,//upload.wikimedia.org/wikipedia/commons/8/8b/Luigi_Musso.jpg
150,608,//upload.wikimedia.org/wikipedia/commons/f/fb/Eugenio_Castellotti_%28cropped%29.jpg
151,620,//upload.wikimedia.org/wikipedia/commons/thumb/4/41/Umberto_Maglioli.jpg/220px-Umberto_Maglioli.jpg
152,633,//upload.wikimedia.org/wikipedia/commons/thumb/d/dd/Luis_Villoresi_-_El_Gr%C3%A1fico_1442.jpg/220px-Luis_Villoresi_-_El_Gr%C3%A1fico_1442.jpg
153,641,//upload.wikimedia.org/wikipedia/commons/thumb/8/8e/Piero_Taruffi.jpg/220px-Piero_Taruffi.jpg
154,642,//upload.wikimedia.org/wikipedia/commons/thumb/f/fc/NinoFarina.jpg/220px-NinoFarina.jpg
155,644,//upload.wikimedia.org/wikipedia/commons/thumb/4/44/SergioMantovani-AlfaRomeo.png/220px-SergioMantovani-AlfaRomeo.png
156,647,//upload.wikimedia.org/wikipedia/commons/thumb/6/69/Ascari_last_photo_in_car.jpg/220px-Ascari_last_photo_in_car.jpg
157,697,//upload.wikimedia.org/wikipedia/en/b/b8/Felice_Bonetto.jpg
158,722,//upload.wikimedia.org/wikipedia/commons/thumb/f/f8/Piero_Carini.jpeg/220px-Piero_Carini.jpeg
159,740,//upload.wikimedia.org/wikipedia/en/thumb/3/3a/Franco_Comotti.jpg/220px-Franco_Comotti.jpg
160,760,//upload.wikimedia.org/wikipedia/commons/thumb/2/2d/Taruffi-Dusio-Savonuzzi.jpg/220px-Taruffi-Dusio-Savonuzzi.jpg
161,763,//upload.wikimedia.org/wikipedia/commons/thumb/e/ee/Consalvo_Sanesi.jpg/220px-Consalvo_Sanesi.jpg
162,786,//upload.wikimedia.org/wikipedia/commons/thumb/b/b3/Luigi_Fagioli_in_his_Maserati_at_the_1932_Targa_Florio_%28cropped%29.jpg/220px-Luigi_Fagioli_in_his_Maserati_at_the_1932_Targa_Florio_%28cropped%29.jpg
163,791,//upload.wikimedia.org/wikipedia/commons/thumb/e/ec/1938ClementeBiondetti.jpg/220px-1938ClementeBiondetti.jpg
164,800,//upload.wikimedia.org/wikipedia/commons/thumb/b/b2/Nello_Pagani_wordt_gefeliciteerd_door_G._J._Bruinsman%2C_voorzitter_KNMV%2C_Bestanddeelnr_903-4797.jpg/220px-Nello_Pagani_wordt_gefeliciteerd_door_G._J._Bruinsman%2C_voorzitter_KNMV%2C_Bestanddeelnr_903-4797.jpg
165,44,//upload.wikimedia.org/wikipedia/commons/thumb/9/93/Olivier_Panis.jpg/220px-Olivier_Panis.jpg
166,55,//upload.wikimedia.org/wikipedia/commons/thumb/c/c7/Jean_Alesi%2C_GIMS_2019%2C_Le_Grand-Saconnex_%28GIMS0047%29.jpg/220px-Jean_Alesi%2C_GIMS_2019%2C_Le_Grand-Saconnex_%28GIMS0047%29.jpg
167,72,//upload.wikimedia.org/wikipedia/commons/thumb/1/18/Stephane_Sarrazin_2007_Mil_Milhas_Brasil.jpg/220px-Stephane_Sarrazin_2007_Mil_Milhas_Brasil.jpg
168,96,//upload.wikimedia.org/wikipedia/commons/thumb/6/69/Jean-Christophe_Boullion_2007_Mil_Milhas_Brasil.jpg/220px-Jean-Christophe_Boullion_2007_Mil_Milhas_Brasil.jpg
169,100,//upload.wikimedia.org/wikipedia/commons/thumb/d/d2/Comas_lm2005.jpg/220px-Comas_lm2005.jpg
170,108,//upload.wikimedia.org/wikipedia/commons/thumb/e/e1/Paul_Belmondo_par_Claude_Truong-Ngoc_juillet_2013.jpg/220px-Paul_Belmondo_par_Claude_Truong-Ngoc_juillet_2013.jpg
171,111,//upload.wikimedia.org/wikipedia/commons/thumb/e/ea/Jean-Marc_Gounon_%282015%29.JPG/220px-Jean-Marc_Gounon_%282015%29.JPG
172,112,//upload.wikimedia.org/wikipedia/commons/thumb/f/f0/Philippe_Alliot_1990_United_States.jpg/220px-Philippe_Alliot_1990_United_States.jpg
173,114,//upload.wikimedia.org/wikipedia/commons/thumb/2/2c/Yannick_DALMAS.JPG/220px-Yannick_DALMAS.JPG
174,116,//upload.wikimedia.org/wikipedia/commons/thumb/9/9c/Franck_Lagorce_-_Mondial_de_l%27Automobile_de_Paris_2016_-_003.jpg/220px-Franck_Lagorce_-_Mondial_de_l%27Automobile_de_Paris_2016_-_003.jpg
175,117,//upload.wikimedia.org/wikipedia/commons/thumb/2/21/Festival_automobile_international_2012_-_Photocall_-_Alain_Prost_-_017.jpg/220px-Festival_automobile_international_2012_-_Photocall_-_Alain_Prost_-_017.jpg
176,163,//upload.wikimedia.org/wikipedia/commons/thumb/6/6f/Rene_Arnoux_WSR2008_HU.png/220px-Rene_Arnoux_WSR2008_HU.png
177,168,//upload.wikimedia.org/wikipedia/commons/thumb/4/4e/Jean-Louis_Schlesser%2C_2013.JPG/220px-Jean-Louis_Schlesser%2C_2013.JPG
178,172,//upload.wikimedia.org/wikipedia/commons/thumb/d/d3/Jacques_Laffite_2015.jpg/220px-Jacques_Laffite_2015.jpg
179,175,//upload.wikimedia.org/wikipedia/commons/thumb/a/af/Pensive_Patrick_%28Tambay%29.jpg/220px-Pensive_Patrick_%28Tambay%29.jpg
180,197,//upload.wikimedia.org/wikipedia/commons/thumb/7/7e/Jean-Pierre_Jarier_en_1976.jpg/220px-Jean-Pierre_Jarier_en_1976.jpg
181,202,//upload.wikimedia.org/wikipedia/commons/thumb/8/86/Pironi_celebrating_at_1982_Dutch_Grand_Prix_%28cropped%29.jpg/220px-Pironi_celebrating_at_1982_Dutch_Grand_Prix_%28cropped%29.jpg
182,219,//upload.wikimedia.org/wikipedia/commons/thumb/e/ed/Festival_automobile_international_2012_-_Photocall_-_Jean-Pierre_Jabouille_-_010.jpg/220px-Festival_automobile_international_2012_-_Photocall_-_Jean-Pierre_Jabouille_-_010.jpg
183,221,//upload.wikimedia.org/wikipedia/commons/thumb/4/4e/PatrickDepailler-ar.jpg/220px-PatrickDepailler-ar.jpg
184,280,//upload.wikimedia.org/wikipedia/commons/thumb/3/30/PescaroloHenry1973N%C3%BCrb.jpg/220px-PescaroloHenry1973N%C3%BCrb.jpg
185,296,//upload.wikimedia.org/wikipedia/en/thumb/2/23/Fran%C3%A7ois_Migault.jpg/220px-Fran%C3%A7ois_Migault.jpg
186,306,//upload.wikimedia.org/wikipedia/commons/thumb/f/f1/Jean_Pierre_Beltoise_te_Zandvoort_1968.jpg/220px-Jean_Pierre_Beltoise_te_Zandvoort_1968.jpg
187,315,//upload.wikimedia.org/wikipedia/commons/thumb/e/ed/GerardLarrousse1975.jpg/220px-GerardLarrousse1975.jpg
188,327,//upload.wikimedia.org/wikipedia/commons/thumb/d/d4/Francois_Cevert_1973.jpg/220px-Francois_Cevert_1973.jpg
189,377,//upload.wikimedia.org/wikipedia/en/thumb/f/f2/Joschlesserportrait.jpg/220px-Joschlesserportrait.jpg
190,389,//upload.wikimedia.org/wikipedia/en/thumb/6/60/Guy_Ligier.jpg/220px-Guy_Ligier.jpg
191,427,//upload.wikimedia.org/wikipedia/commons/thumb/3/35/Maurice_Trintignant_-_El_Gr%C3%A1fico_1801.jpg/220px-Maurice_Trintignant_-_El_Gr%C3%A1fico_1801.jpg
192,554,//upload.wikimedia.org/wikipedia/commons/thumb/3/3e/Jean_Behra_-_El_Gr%C3%A1fico_1953.jpg/220px-Jean_Behra_-_El_Gr%C3%A1fico_1953.jpg
193,603,//upload.wikimedia.org/wikipedia/commons/5/50/Comit%C3%A9_d%27organisation_du_Grand_Prix_d%27Agadir%2C_1953_%28Andr%C3%A9_Guelfi%29.jpg
194,627,//upload.wikimedia.org/wikipedia/en/thumb/7/7e/Louis_Rosier.jpg/220px-Louis_Rosier.jpg
195,662,//upload.wikimedia.org/wikipedia/commons/thumb/1/16/1955-02-27_Agadir_WINNER_Ferrari_750_0504M_Mike_Sparken.jpg/220px-1955-02-27_Agadir_WINNER_Ferrari_750_0504M_Mike_Sparken.jpg
196,704,//upload.wikimedia.org/wikipedia/commons/thumb/b/b1/Yves_Giraud-Cabantous_vainqueur_du_Championnat_automobile_des_Aviateurs%2C_en_juin_1929_%28et_madame%29.jpg/200px-Yves_Giraud-Cabantous_vainqueur_du_Championnat_automobile_des_Aviateurs%2C_en_juin_1929_%28et_madame%29.jpg
197,741,//upload.wikimedia.org/wikipedia/commons/thumb/2/2a/Philippe_%C3%89tancelin_at_the_1933_Grand_Prix_de_la_Marne_%28cropped%29.jpg/220px-Philippe_%C3%89tancelin_at_the_1933_Grand_Prix_de_la_Marne_%28cropped%29.jpg
198,774,//upload.wikimedia.org/wikipedia/commons/thumb/7/75/Eug%C3%A8ne_Chaboud%2C_vainqueur_des_24_heures_du_Mans_1938.jpg/220px-Eug%C3%A8ne_Chaboud%2C_vainqueur_des_24_heures_du_Mans_1938.jpg
199,793,//upload.wikimedia.org/wikipedia/commons/thumb/f/f9/Raymond_Sommer_1932.jpg/220px-Raymond_Sommer_1932.jpg
200,43,//upload.wikimedia.org/wikipedia/commons/thumb/a/a7/Cdmlb06.jpg/220px-Cdmlb06.jpg
201,47,//upload.wikimedia.org/wikipedia/commons/thumb/5/51/Baumgartner_usgp_2004.jpg/220px-Baumgartner_usgp_2004.jpg
202,48,//upload.wikimedia.org/wikipedia/commons/thumb/b/b6/Marc_Gen%C3%A9_Le_Mans_drivers_parade_2011.jpg/220px-Marc_Gen%C3%A9_Le_Mans_drivers_parade_2011.jpg
203,49,//upload.wikimedia.org/wikipedia/commons/thumb/d/d3/Heinz-Harald_Frentzen_a.jpg/220px-Heinz-Harald_Frentzen_a.jpg
204,50,//upload.wikimedia.org/wikipedia/commons/thumb/b/b9/Jos_Verstappen%2C_2006.jpg/220px-Jos_Verstappen%2C_2006.jpg
205,52,//upload.wikimedia.org/wikipedia/commons/thumb/8/82/Ralph_Firman_2008_Super_GT.jpg/220px-Ralph_Firman_2008_Super_GT.jpg
206,53,//upload.wikimedia.org/wikipedia/commons/thumb/6/62/Nicolas_kiesa_lemans2006.jpg/220px-Nicolas_kiesa_lemans2006.jpg
207,54,//upload.wikimedia.org/wikipedia/commons/thumb/8/86/Luciano_Burti_2006_Curitiba.jpg/220px-Luciano_Burti_2006_Curitiba.jpg
208,57,//upload.wikimedia.org/wikipedia/commons/thumb/0/04/2016209185748_2016-07-27_Champions_for_Charity_-_Sven_-_1D_X_-_0226_-_DV3P4819_mod.jpg/220px-2016209185748_2016-07-27_Champions_for_Charity_-_Sven_-_1D_X_-_0226_-_DV3P4819_mod.jpg
209,58,//upload.wikimedia.org/wikipedia/commons/thumb/c/cc/Tarso_Marques_2007_Curitiba.jpg/220px-Tarso_Marques_2007_Curitiba.jpg
210,59,//upload.wikimedia.org/wikipedia/commons/thumb/f/f7/Enrique_Bernoldi_2007_Curitiba.jpg/220px-Enrique_Bernoldi_2007_Curitiba.jpg
211,60,//upload.wikimedia.org/wikipedia/commons/thumb/8/80/Mazzacane_en_Minardi_F1_2000.jpg/220px-Mazzacane_en_Minardi_F1_2000.jpg
212,61,//upload.wikimedia.org/wikipedia/commons/thumb/5/5c/2021_Barum_Czech_Rally_Zl%C3%ADn_-_Tom%C3%A1%C5%A1_Enge.jpg/220px-2021_Barum_Czech_Rally_Zl%C3%ADn_-_Tom%C3%A1%C5%A1_Enge.jpg
213,62,//upload.wikimedia.org/wikipedia/commons/thumb/9/9f/AlexYoong_0028.jpg/220px-AlexYoong_0028.jpg
214,63,//upload.wikimedia.org/wikipedia/commons/thumb/c/c7/Mika_Salo_Le_Mans_2009_cropped.jpg/220px-Mika_Salo_Le_Mans_2009_cropped.jpg
215,64,//upload.wikimedia.org/wikipedia/commons/thumb/5/51/Fazenda_da_Toca_foto_kiko_ferrite_02295_-_Pedro_Paulo_Diniz.jpg/220px-Fazenda_da_Toca_foto_kiko_ferrite_02295_-_Pedro_Paulo_Diniz.jpg
216,68,//upload.wikimedia.org/wikipedia/commons/thumb/f/f2/Toranosuke_Takagi_2008_Super_GT.jpg/220px-Toranosuke_Takagi_2008_Super_GT.jpg
217,74,//upload.wikimedia.org/wikipedia/commons/thumb/b/b6/Esteban_Tuero_2017_%28cropped%29.jpg/220px-Esteban_Tuero_2017_%28cropped%29.jpg
218,75,//upload.wikimedia.org/wikipedia/commons/thumb/4/4d/Shinji_Nakano_2009_Japan.jpg/220px-Shinji_Nakano_2009_Japan.jpg
219,77,//upload.wikimedia.org/wikipedia/commons/thumb/2/21/Gerhard_Berger_1991USA.jpg/220px-Gerhard_Berger_1991USA.jpg
220,79,//upload.wikimedia.org/wikipedia/commons/thumb/6/6e/Ukyo_Katayama_2008.jpg/220px-Ukyo_Katayama_2008.jpg
221,83,//upload.wikimedia.org/wikipedia/commons/thumb/7/7f/Pedro_Lamy_Le_Mans_drivers_parade_2011_crop.jpg/220px-Pedro_Lamy_Le_Mans_drivers_parade_2011_crop.jpg
222,88,//upload.wikimedia.org/wikipedia/commons/thumb/7/7d/Aguri_Suzuki_2008_Super_GT.jpg/220px-Aguri_Suzuki_2008_Super_GT.jpg
223,90,//upload.wikimedia.org/wikipedia/commons/thumb/f/f4/Roberto_Bud_suite_97.tif/lossy-page1-220px-Roberto_Bud_suite_97.tif.jpg
224,92,//upload.wikimedia.org/wikipedia/commons/thumb/0/08/Bertrand_Gachot_-_1991_US_GP.jpg/220px-Bertrand_Gachot_-_1991_US_GP.jpg
225,98,//upload.wikimedia.org/wikipedia/commons/thumb/d/da/Jean-Denis_D%C3%A9l%C3%A9traz_-_Le_Mans_2012.JPG/220px-Jean-Denis_D%C3%A9l%C3%A9traz_-_Le_Mans_2012.JPG
226,101,//upload.wikimedia.org/wikipedia/commons/thumb/6/62/David_Brabham_2012_%287321981998%29_%28cropped%29.jpg/220px-David_Brabham_2012_%287321981998%29_%28cropped%29.jpg
227,102,//upload.wikimedia.org/wikipedia/commons/thumb/3/38/Ayrton_Senna_8_%28cropped%29.jpg/220px-Ayrton_Senna_8_%28cropped%29.jpg
228,104,//upload.wikimedia.org/wikipedia/commons/thumb/f/f9/Christian_Fittipaldi_2006_Curitiba.jpg/220px-Christian_Fittipaldi_2006_Curitiba.jpg
229,106,//upload.wikimedia.org/wikipedia/commons/thumb/6/6a/Olivier_Beretta_2012_WEC_Fuji.jpg/250px-Olivier_Beretta_2012_WEC_Fuji.jpg
230,107,//upload.wikimedia.org/wikipedia/en/thumb/0/02/Roland_Ratzenberger.jpg/220px-Roland_Ratzenberger.jpg
231,109,//upload.wikimedia.org/wikipedia/commons/thumb/3/3f/JJ_Lehto_%28Petit_Le_Mans%2C_2004%29.jpg/220px-JJ_Lehto_%28Petit_Le_Mans%2C_2004%29.jpg
232,115,//upload.wikimedia.org/wikipedia/commons/thumb/d/db/Hideki_Noda_2009_1000km_of_Okayama.jpg/220px-Hideki_Noda_2009_1000km_of_Okayama.jpg
233,123,//upload.wikimedia.org/wikipedia/commons/thumb/2/20/Thierry_Boutsen_1993.jpg/220px-Thierry_Boutsen_1993.jpg
234,127,//upload.wikimedia.org/wikipedia/commons/thumb/0/0b/Gugelmin.jpg/220px-Gugelmin.jpg
235,128,//upload.wikimedia.org/wikipedia/commons/thumb/c/ca/Eric_van_de_Poele_2008.jpg/220px-Eric_van_de_Poele_2008.jpg
236,136,//upload.wikimedia.org/wikipedia/commons/thumb/7/79/Jan_Lammers_of_Hope_Racing%27s_Oreca_Swiss_HY_Tech_Hybrid_%28cropped%29.jpg/220px-Jan_Lammers_of_Hope_Racing%27s_Oreca_Swiss_HY_Tech_Hybrid_%28cropped%29.jpg
237,137,//upload.wikimedia.org/wikipedia/commons/thumb/9/99/Nelson_Piquet_Souto_Maior.jpg/220px-Nelson_Piquet_Souto_Maior.jpg
238,138,//upload.wikimedia.org/wikipedia/commons/thumb/1/1e/Satoru_Nakajima_2008_Motorsport_Japan.jpg/220px-Satoru_Nakajima_2008_Motorsport_Japan.jpg
239,140,//upload.wikimedia.org/wikipedia/commons/thumb/7/71/Stefan_Johansson3_%285987943266%29_%28cropped%29.jpg/220px-Stefan_Johansson3_%285987943266%29_%28cropped%29.jpg
240,144,//upload.wikimedia.org/wikipedia/commons/thumb/7/79/Naoki_Hattori_2008_Super_GT.jpg/220px-Naoki_Hattori_2008_Super_GT.jpg
241,146,//upload.wikimedia.org/wikipedia/commons/thumb/1/14/Bernd_Schneider_2007_amk.jpg/220px-Bernd_Schneider_2007_amk.jpg
242,157,//upload.wikimedia.org/wikipedia/commons/thumb/f/f6/Christian_Danner_1995_Deutsche_Tourenwagen_Meisterschaft%2C_Donington_Park.jpg/220px-Christian_Danner_1995_Deutsche_Tourenwagen_Meisterschaft%2C_Donington_Park.jpg
243,164,//upload.wikimedia.org/wikipedia/commons/thumb/b/b5/Joachim_Winkelhock.jpg/220px-Joachim_Winkelhock.jpg
244,176,//upload.wikimedia.org/wikipedia/commons/thumb/3/3e/Marc_Surer_1982.jpg/220px-Marc_Surer_1982.jpg
245,177,//upload.wikimedia.org/wikipedia/commons/thumb/3/3c/Anefo_932-2378_Keke_Rosberg%2C_Zandvoort%2C_03-07-1982_-_Restoration.jpg/220px-Anefo_932-2378_Keke_Rosberg%2C_Zandvoort%2C_03-07-1982_-_Restoration.jpg
246,178,//upload.wikimedia.org/wikipedia/commons/thumb/7/78/Alan_Jones_1980.jpg/220px-Alan_Jones_1980.jpg
247,179,//upload.wikimedia.org/wikipedia/commons/thumb/7/72/Huub_Rothengatter_in_1977.jpg/220px-Huub_Rothengatter_in_1977.jpg
248,182,//upload.wikimedia.org/wikipedia/commons/thumb/2/2d/Lauda_at_1982_Dutch_Grand_Prix.jpg/220px-Lauda_at_1982_Dutch_Grand_Prix.jpg
249,188,//upload.wikimedia.org/wikipedia/commons/thumb/4/44/Johnny_Cecotto_%281978%29.jpg/220px-Johnny_Cecotto_%281978%29.jpg
250,191,//upload.wikimedia.org/wikipedia/commons/thumb/5/5b/2011_11_2_Imperial_Palace_Harrahs_Auto_collection-1-64_-_Flickr_-_Moto%40Club4AG.jpg/220px-2011_11_2_Imperial_Palace_Harrahs_Auto_collection-1-64_-_Flickr_-_Moto%40Club4AG.jpg
251,192,//upload.wikimedia.org/wikipedia/commons/thumb/c/c0/Chico_Serra_2007_Mil_Milhas_Brasil.jpg/220px-Chico_Serra_2007_Mil_Milhas_Brasil.jpg
252,194,//upload.wikimedia.org/wikipedia/commons/thumb/d/d7/Eliseo_Salazar_%281982%29.jpg/220px-Eliseo_Salazar_%281982%29.jpg
253,195,//upload.wikimedia.org/wikipedia/commons/thumb/3/36/Roberto_Guerrero_2010_Indy_500_Practice_Day_7.JPG/220px-Roberto_Guerrero_2010_Indy_500_Practice_Day_7.JPG
254,196,//upload.wikimedia.org/wikipedia/commons/thumb/9/98/Raul_Boesel_2007_Mil_Milhas_Brasil.jpg/220px-Raul_Boesel_2007_Mil_Milhas_Brasil.jpg
255,198,//upload.wikimedia.org/wikipedia/commons/thumb/1/14/Jacques_Villeneuve_Sr_070615.jpg/220px-Jacques_Villeneuve_Sr_070615.jpg
256,199,//upload.wikimedia.org/wikipedia/commons/thumb/3/3a/Reutemann_1981.jpg/200px-Reutemann_1981.jpg
257,200,//upload.wikimedia.org/wikipedia/commons/thumb/3/34/Mass_at_1982_Dutch_Grand_Prix.jpg/220px-Mass_at_1982_Dutch_Grand_Prix.jpg
258,201,//upload.wikimedia.org/wikipedia/commons/thumb/b/b5/Borgudd-Slim-1994.jpg/220px-Borgudd-Slim-1994.jpg
259,203,//upload.wikimedia.org/wikipedia/commons/thumb/9/98/Gilles_Villeneuve_1979_Imola.jpg/220px-Gilles_Villeneuve_1979_Imola.jpg
260,206,//upload.wikimedia.org/wikipedia/commons/thumb/8/82/Derek_Daly_1982.jpg/220px-Derek_Daly_1982.jpg
261,208,//upload.wikimedia.org/wikipedia/commons/thumb/a/ac/Emilio_de_Villota_%28cropped%29.jpg/220px-Emilio_de_Villota_%28cropped%29.jpg
262,212,//upload.wikimedia.org/wikipedia/commons/thumb/d/dc/1981_Argentine_Grand_Prix%2C_Rebaque.jpg/220px-1981_Argentine_Grand_Prix%2C_Rebaque.jpg
263,215,//upload.wikimedia.org/wikipedia/commons/7/7e/Miguel_%C3%81ngel_Guerra_%281990%29.jpg
264,217,//upload.wikimedia.org/wikipedia/commons/thumb/0/02/1980_Argentine_Grand_Prix_Zunino.jpg/220px-1980_Argentine_Grand_Prix_Zunino.jpg
265,222,//upload.wikimedia.org/wikipedia/commons/thumb/d/dc/Jody_Scheckter_during_the_1979_Monaco_Grand_Prix.jpg/220px-Jody_Scheckter_during_the_1979_Monaco_Grand_Prix.jpg
266,223,//upload.wikimedia.org/wikipedia/commons/thumb/e/e7/Anefo_924-6609_Clay_Reggazoni%2C_Catherine_Blaton%2C_Jacky_Ickx_Zandvoort_18_06_1971_-_Cropped.jpg/220px-Anefo_924-6609_Clay_Reggazoni%2C_Catherine_Blaton%2C_Jacky_Ickx_Zandvoort_18_06_1971_-_Cropped.jpg
267,224,//upload.wikimedia.org/wikipedia/commons/thumb/7/71/Emerson_Fittipaldi.jpg/220px-Emerson_Fittipaldi.jpg
268,228,//upload.wikimedia.org/wikipedia/commons/thumb/e/e4/Spice_SE90C_-_Ford_-_Euro_Racing_-_24_Hours_of_Le_Mans_1991.jpg/220px-Spice_SE90C_-_Ford_-_Euro_Racing_-_24_Hours_of_Le_Mans_1991.jpg
269,229,//upload.wikimedia.org/wikipedia/commons/thumb/f/fa/HaraldErtlZolder1978.jpg/220px-HaraldErtlZolder1978.jpg
270,233,//upload.wikimedia.org/wikipedia/commons/thumb/c/cf/HansJoachimStuck2008.jpg/220px-HansJoachimStuck2008.jpg
271,235,//upload.wikimedia.org/wikipedia/commons/thumb/1/19/Jacky_Ickx_Portr%C3%A4t_Mille_Miglia_2018.jpg/220px-Jacky_Ickx_Portr%C3%A4t_Mille_Miglia_2018.jpg
272,237,//upload.wikimedia.org/wikipedia/commons/thumb/2/2d/1977_Argentine_Grand_Prix_Ribeiro.jpg/220px-1977_Argentine_Grand_Prix_Ribeiro.jpg
273,238,//upload.wikimedia.org/wikipedia/commons/thumb/e/e2/Peterson_at_1978_Dutch_Grand_Prix.jpg/220px-Peterson_at_1978_Dutch_Grand_Prix.jpg
274,243,//upload.wikimedia.org/wikipedia/commons/thumb/c/c4/Stommelen%2C_Rolf_am_1972-07-07.jpg/220px-Stommelen%2C_Rolf_am_1972-07-07.jpg
275,246,//upload.wikimedia.org/wikipedia/commons/thumb/f/f4/1977_Argentine_Grand_Prix_Binder.jpg/220px-1977_Argentine_Grand_Prix_Binder.jpg
276,247,//upload.wikimedia.org/wikipedia/commons/thumb/a/a0/Michael_Bleekemolen_2011.jpg/220px-Michael_Bleekemolen_2011.jpg
277,250,//upload.wikimedia.org/wikipedia/commons/thumb/d/d1/Carlos_Pace_74_%28cropped%29.jpg/220px-Carlos_Pace_74_%28cropped%29.jpg
278,251,//upload.wikimedia.org/wikipedia/commons/thumb/8/85/1977_Argentine_Grand_Prix_Ian_Scheckter.jpg/220px-1977_Argentine_Grand_Prix_Ian_Scheckter.jpg
279,253,//upload.wikimedia.org/wikipedia/commons/thumb/b/b3/Ingo_Hoffmann_2007_Curitiba.jpg/220px-Ingo_Hoffmann_2007_Curitiba.jpg
280,255,//upload.wikimedia.org/wikipedia/commons/thumb/7/72/1976-07-10_Gunnar_Nilsson_im_BMW_CSL.jpg/220px-1976-07-10_Gunnar_Nilsson_im_BMW_CSL.jpg
281,256,//upload.wikimedia.org/wikipedia/commons/thumb/4/40/1995_Holden_VR_Commodore_Bathurst_winner_%2828249502800%29.jpg/220px-1995_Holden_VR_Commodore_Bathurst_winner_%2828249502800%29.jpg
282,258,//upload.wikimedia.org/wikipedia/en/thumb/8/8a/Patrick_N%C3%A8ve.jpg/220px-Patrick_N%C3%A8ve.jpg
283,260,//upload.wikimedia.org/wikipedia/commons/thumb/4/4b/Paasraces_op_Zandvoort_%28_Formule_III_%29_Boye_Haye_%2844%29_op_kop%2C_gevolgd_door_Ande%2C_Bestanddeelnr_928-5289.jpg/220px-Paasraces_op_Zandvoort_%28_Formule_III_%29_Boye_Haye_%2844%29_op_kop%2C_gevolgd_door_Ande%2C_Bestanddeelnr_928-5289.jpg
284,267,//upload.wikimedia.org/wikipedia/commons/thumb/3/35/Schholhay_83-98_%281%29.JPG/220px-Schholhay_83-98_%281%29.JPG
285,268,//upload.wikimedia.org/wikipedia/commons/thumb/9/94/HansHeyerLate1970s.jpg/220px-HansHeyerLate1970s.jpg
286,269,//upload.wikimedia.org/wikipedia/commons/thumb/2/23/TeddyPilette1975.jpg/150px-TeddyPilette1975.jpg
287,271,//upload.wikimedia.org/wikipedia/commons/thumb/0/03/1976_BRDC_International_Trophy%2C_Loris_Kessel.jpg/220px-1976_BRDC_International_Trophy%2C_Loris_Kessel.jpg
288,272,//upload.wikimedia.org/wikipedia/commons/thumb/a/a4/Kunimitsu_Takahashi_1963.jpg/220px-Kunimitsu_Takahashi_1963.jpg
289,273,//upload.wikimedia.org/wikipedia/commons/thumb/6/6b/Kazuyoshi_Hoshino_2010_Formula_Nippon_Motegi_%28May%29.jpg/220px-Kazuyoshi_Hoshino_2010_Formula_Nippon_Motegi_%28May%29.jpg
290,278,//upload.wikimedia.org/wikipedia/commons/thumb/7/7b/AmonChris19730706.jpg/220px-AmonChris19730706.jpg
291,290,//upload.wikimedia.org/wikipedia/commons/thumb/c/c9/Wilson_Fittipaldi_2007.jpg/220px-Wilson_Fittipaldi_2007.jpg
292,295,//upload.wikimedia.org/wikipedia/commons/thumb/b/b4/Roelof_Wunderink_%281972%29.jpg/220px-Roelof_Wunderink_%281972%29.jpg
293,298,//upload.wikimedia.org/wikipedia/commons/thumb/4/44/Gijs_van_Lennep_%281971%29.jpg/220px-Gijs_van_Lennep_%281971%29.jpg
294,300,//upload.wikimedia.org/wikipedia/en/thumb/a/ab/John_Nicholson_%28racing_driver%29.jpg/220px-John_Nicholson_%28racing_driver%29.jpg
295,304,//upload.wikimedia.org/wikipedia/commons/thumb/0/00/HulmeDenis196508.jpg/220px-HulmeDenis196508.jpg
296,307,//upload.wikimedia.org/wikipedia/commons/thumb/b/b6/HowdenGanleyNZFMR2015.jpg/220px-HowdenGanleyNZFMR2015.jpg
297,314,//upload.wikimedia.org/wikipedia/commons/thumb/0/07/Tim_Schenken_1971_Hockenheim.JPG/220px-Tim_Schenken_1971_Hockenheim.JPG
298,316,//upload.wikimedia.org/wikipedia/commons/thumb/1/10/Leo_Kinnunen_1966.jpg/220px-Leo_Kinnunen_1966.jpg
299,317,//upload.wikimedia.org/wikipedia/commons/thumb/d/d1/Reine_Wisell_1970_N%C3%BCrburgring.JPG/220px-Reine_Wisell_1970_N%C3%BCrburgring.JPG
300,323,//upload.wikimedia.org/wikipedia/commons/thumb/9/9b/QuesterDieter1973.jpg/220px-QuesterDieter1973.jpg
301,324,//upload.wikimedia.org/wikipedia/en/5/50/Helmuth_Koinigg.jpg
302,331,//upload.wikimedia.org/wikipedia/commons/thumb/e/eb/Correio_da_Manh%C3%A3_AN_191_%28cropped%29.jpg/220px-Correio_da_Manh%C3%A3_AN_191_%28cropped%29.jpg
303,336,//upload.wikimedia.org/wikipedia/commons/1/11/Graham_McRae_Levin_1970.jpg
304,337,//upload.wikimedia.org/wikipedia/commons/thumb/3/38/Helmut_Marko_Austrian_GP_2016_%28cropped%29.jpg/220px-Helmut_Marko_Austrian_GP_2016_%28cropped%29.jpg
305,338,//upload.wikimedia.org/wikipedia/commons/thumb/e/e4/David_Walker_1971_Lotus_56_B_Pratt_Whitney.jpg/250px-David_Walker_1971_Lotus_56_B_Pratt_Whitney.jpg
306,339,//upload.wikimedia.org/wikipedia/commons/thumb/0/07/Alex_Soler-Roig%2C_Spain_1931.jpg/220px-Alex_Soler-Roig%2C_Spain_1931.jpg
307,340,//upload.wikimedia.org/wikipedia/commons/thumb/b/b6/John_Love_Surtees_TS9_2019_Silverstone_Classic_%2848557776041%29.jpg/220px-John_Love_Surtees_TS9_2019_Silverstone_Classic_%2848557776041%29.jpg
308,345,//upload.wikimedia.org/wikipedia/commons/thumb/4/49/Pedro_Rodr%C3%ADguez_1968_N%C3%BCrburgring-1.jpg/220px-Pedro_Rodr%C3%ADguez_1968_N%C3%BCrburgring-1.jpg
309,346,//upload.wikimedia.org/wikipedia/commons/thumb/7/7e/Siffert%2C_Joseph_1968.jpg/220px-Siffert%2C_Joseph_1968.jpg
310,347,//upload.wikimedia.org/wikipedia/commons/thumb/f/f9/BonnierJo196608.jpg/220px-BonnierJo196608.jpg
311,351,//upload.wikimedia.org/wikipedia/commons/thumb/1/17/SilvioMoser.jpg/220px-SilvioMoser.jpg
312,355,//upload.wikimedia.org/wikipedia/commons/thumb/b/b8/BRM_P153.jpg/220px-BRM_P153.jpg
313,356,//upload.wikimedia.org/wikipedia/commons/thumb/e/e7/BrabhamJack1966B.jpg/220px-BrabhamJack1966B.jpg
314,358,//upload.wikimedia.org/wikipedia/commons/thumb/c/cb/Rindt_at_1970_Dutch_Grand_Prix_%282C%29.jpg/250px-Rindt_at_1970_Dutch_Grand_Prix_%282C%29.jpg
315,360,//upload.wikimedia.org/wikipedia/commons/thumb/a/a0/McLarenBruce.jpg/220px-McLarenBruce.jpg
316,365,//upload.wikimedia.org/wikipedia/commons/thumb/a/ae/Hahne%2C_Hubert_-_1968.jpg/220px-Hahne%2C_Hubert_-_1968.jpg
317,368,//upload.wikimedia.org/wikipedia/commons/thumb/b/ba/1965_Sam_Tingle_Formula_1_LDS_Race_Car-1_%2829891690293%29.jpg/220px-1965_Sam_Tingle_Formula_1_LDS_Race_Car-1_%2829891690293%29.jpg
318,369,//upload.wikimedia.org/wikipedia/commons/thumb/3/3d/Photo_of_Basil_van_Rooyen.jpg/220px-Photo_of_Basil_van_Rooyen.jpg
319,379,//upload.wikimedia.org/wikipedia/commons/thumb/0/03/Bundesarchiv_Bild_183-82487-0008%2C_Internationale_Halle-Saale-Schleife.jpg/220px-Bundesarchiv_Bild_183-82487-0008%2C_Internationale_Halle-Saale-Schleife.jpg
320,406,//upload.wikimedia.org/wikipedia/commons/thumb/7/79/Hawkins%2C_Paul_1966.jpg/220px-Hawkins%2C_Paul_1966.jpg
321,423,//upload.wikimedia.org/wikipedia/commons/thumb/9/91/MitterGerhard1968.jpg/220px-MitterGerhard1968.jpg
322,430,//upload.wikimedia.org/wikipedia/commons/thumb/f/f5/N._13_at_1962_Dutch_Grand_Prix_%282%29_%28cropped%29.jpg/220px-N._13_at_1962_Dutch_Grand_Prix_%282%29_%28cropped%29.jpg
323,431,//upload.wikimedia.org/wikipedia/commons/thumb/3/3d/Edgar_Barth_podium_Nurburgring_1957.jpg/220px-Edgar_Barth_podium_Nurburgring_1957.jpg
324,435,//upload.wikimedia.org/wikipedia/commons/thumb/4/48/Willy_Mairesse.jpg/220px-Willy_Mairesse.jpg
325,439,//upload.wikimedia.org/wikipedia/commons/thumb/4/47/Nasif_Est%C3%A9fano_-_El_Gr%C3%A1fico_2690.jpg/220px-Nasif_Est%C3%A9fano_-_El_Gr%C3%A1fico_2690.jpg
326,454,//upload.wikimedia.org/wikipedia/commons/thumb/2/28/Rodr%C3%ADguez_at_1962_Dutch_Grand_Prix.jpg/220px-Rodr%C3%ADguez_at_1962_Dutch_Grand_Prix.jpg
327,457,//upload.wikimedia.org/wikipedia/commons/thumb/6/66/Ben_Pon_%281964%29.jpg/220px-Ben_Pon_%281964%29.jpg
328,458,//upload.wikimedia.org/wikipedia/commons/thumb/0/01/Rob_Slotemaker_1968.jpg/220px-Rob_Slotemaker_1968.jpg
329,473,//upload.wikimedia.org/wikipedia/commons/thumb/8/8f/Gary_Hocking_%281961%29.jpg/220px-Gary_Hocking_%281961%29.jpg
330,476,//upload.wikimedia.org/wikipedia/commons/thumb/3/3e/1957ArgentineGP06.jpg/220px-1957ArgentineGP06.jpg
331,478,//upload.wikimedia.org/wikipedia/commons/thumb/1/1b/Hans_Herrmann_%282011%29.jpg/220px-Hans_Herrmann_%282011%29.jpg
332,482,//upload.wikimedia.org/wikipedia/commons/thumb/f/fa/1960s_Gendebien_e_Bizzarrini.jpg/220px-1960s_Gendebien_e_Bizzarrini.jpg
333,485,//upload.wikimedia.org/wikipedia/commons/thumb/7/7f/Bordeu_-_El_Gr%C3%A1fico_2444.jpg/220px-Bordeu_-_El_Gr%C3%A1fico_2444.jpg
334,488,//upload.wikimedia.org/wikipedia/commons/thumb/f/f3/Peter_Monteverdi-1.jpg/220px-Peter_Monteverdi-1.jpg
335,496,//upload.wikimedia.org/wikipedia/commons/thumb/3/3f/Carlos_Menditeguy_-_El_Gr%C3%A1fico_1805.jpg/220px-Carlos_Menditeguy_-_El_Gr%C3%A1fico_1805.jpg
336,497,//upload.wikimedia.org/wikipedia/commons/thumb/d/dd/Jorge_Rodr%C3%ADguez_Larreta_-_El_Gr%C3%A1fico_2001.jpg/220px-Jorge_Rodr%C3%ADguez_Larreta_-_El_Gr%C3%A1fico_2001.jpg
337,498,//upload.wikimedia.org/wikipedia/commons/thumb/5/51/Jos%C3%A9_Froil%C3%A1n_Gonz%C3%A1lez_1950.jpg/220px-Jos%C3%A9_Froil%C3%A1n_Gonz%C3%A1lez_1950.jpg
338,499,//upload.wikimedia.org/wikipedia/commons/thumb/7/78/Roberto_Bonomi_-_El_Gr%C3%A1fico_1751.jpg/220px-Roberto_Bonomi_-_El_Gr%C3%A1fico_1751.jpg
339,573,//upload.wikimedia.org/wikipedia/commons/thumb/9/95/Alejandro_detomaso.jpg/220px-Alejandro_detomaso.jpg
340,579,//upload.wikimedia.org/wikipedia/commons/thumb/8/8c/Fangio.png/220px-Fangio.png
341,582,//upload.wikimedia.org/wikipedia/commons/thumb/5/55/Ken_Kavanagh_1.jpg/220px-Ken_Kavanagh_1.jpg
342,589,//upload.wikimedia.org/wikipedia/commons/thumb/d/d8/Louis_Chiron_1931bw.jpg/245px-Louis_Chiron_1931bw.jpg
343,606,//upload.wikimedia.org/wikipedia/commons/thumb/1/16/Alfonso%2C_Marquess_of_Portago.jpg/220px-Alfonso%2C_Marquess_of_Portago.jpg
344,632,//upload.wikimedia.org/wikipedia/commons/thumb/5/56/2003-04-26_Paul_Fr%C3%A8re_Cfs.JPG/220px-2003-04-26_Paul_Fr%C3%A8re_Cfs.JPG
345,640,//upload.wikimedia.org/wikipedia/commons/7/77/Toulo_de_Graffenried.gif
346,643,//upload.wikimedia.org/wikipedia/commons/thumb/2/23/Roberto_Mieres_-_El_Gr%C3%A1fico_1770.jpg/220px-Roberto_Mieres_-_El_Gr%C3%A1fico_1770.jpg
347,645,//upload.wikimedia.org/wikipedia/commons/thumb/f/f3/Clemar_Bucci.jpg/220px-Clemar_Bucci.jpg
348,646,//upload.wikimedia.org/wikipedia/commons/thumb/6/68/Jes%C3%BAs_Ricardo_Iglesias_-_El_Gr%C3%A1fico_1687.jpg/220px-Jes%C3%BAs_Ricardo_Iglesias_-_El_Gr%C3%A1fico_1687.jpg
349,648,//upload.wikimedia.org/wikipedia/commons/thumb/a/ad/Karl_Kling_El_Gr%C3%A1fico.jpg/220px-Karl_Kling_El_Gr%C3%A1fico.jpg
350,649,//upload.wikimedia.org/wikipedia/commons/thumb/1/1b/Pablo_Birger_-_El_Gr%C3%A1fico_1706.jpg/220px-Pablo_Birger_-_El_Gr%C3%A1fico_1706.jpg
351,669,//upload.wikimedia.org/wikipedia/commons/thumb/d/dc/Air_cadets_learn_the_basics_of_flight_at_RNAS_St_Merryn_in_Cornwall%2C_February_1944._A22064-croponBirabongse_Bhanudej.jpg/220px-Air_cadets_learn_the_basics_of_flight_at_RNAS_St_Merryn_in_Cornwall%2C_February_1944._A22064-croponBirabongse_Bhanudej.jpg
352,670,//upload.wikimedia.org/wikipedia/commons/thumb/1/19/Onofre_Marim%C3%B3n_-_El_Gr%C3%A1fico_1708.jpg/220px-Onofre_Marim%C3%B3n_-_El_Gr%C3%A1fico_1708.jpg
353,691,//upload.wikimedia.org/wikipedia/commons/thumb/5/5b/Hermann_Lang_El_Gr%C3%A1fico.jpg/220px-Hermann_Lang_El_Gr%C3%A1fico.jpg
354,692,//upload.wikimedia.org/wikipedia/commons/thumb/2/20/Fotothek_df_roe-neg_0006640_013_Portrait_eines_Automobilrennfahrers_in_seinem_Wa.jpg/220px-Fotothek_df_roe-neg_0006640_013_Portrait_eines_Automobilrennfahrers_in_seinem_Wa.jpg
355,695,//upload.wikimedia.org/wikipedia/commons/thumb/3/3f/Oscar_Alfredo_G%C3%A1lvez.jpg/220px-Oscar_Alfredo_G%C3%A1lvez.jpg
356,698,//upload.wikimedia.org/wikipedia/commons/thumb/4/40/Adolfo_Schwelm-Cruz_1952.jpg/200px-Adolfo_Schwelm-Cruz_1952.jpg
357,717,//upload.wikimedia.org/wikipedia/commons/thumb/6/63/Bundesarchiv_Bild_102-08188%2C_Hans_von_Stuck.jpg/220px-Bundesarchiv_Bild_102-08188%2C_Hans_von_Stuck.jpg
358,735,//upload.wikimedia.org/wikipedia/en/4/40/Charles_de_Tornaco.jpg
359,746,//upload.wikimedia.org/wikipedia/commons/thumb/4/43/Gino_Bianco_%281949%29.jpg/220px-Gino_Bianco_%281949%29.jpg
360,750,//upload.wikimedia.org/wikipedia/commons/thumb/7/79/Adolf_Brudes_im_BMW_328_Mille_Miglia_am_14.08.1976.jpg/220px-Adolf_Brudes_im_BMW_328_Mille_Miglia_am_14.08.1976.jpg
361,751,//upload.wikimedia.org/wikipedia/commons/thumb/4/48/Fritz_Rie%C3%9F.jpg/220px-Fritz_Rie%C3%9F.jpg
362,756,//upload.wikimedia.org/wikipedia/commons/thumb/d/d8/1938-05-22_Targa_Florio_Maserati_4CM_Pietsch.jpg/220px-1938-05-22_Targa_Florio_Maserati_4CM_Pietsch.jpg
363,758,//upload.wikimedia.org/wikipedia/commons/thumb/5/57/Van_der_Lof%2C_Delahaye_MS_135%2C_Bj_1935_%281977-08-12%29.jpg/220px-Van_der_Lof%2C_Delahaye_MS_135%2C_Bj_1935_%281977-08-12%29.jpg
364,759,//upload.wikimedia.org/wikipedia/commons/thumb/f/f1/Majoor_Flinterman%2C_Bestanddeelnr_903-5819.jpg/220px-Majoor_Flinterman%2C_Bestanddeelnr_903-5819.jpg
365,761,//upload.wikimedia.org/wikipedia/commons/thumb/8/8d/Alberto_Crespo_-_El_Gr%C3%A1fico_1643.jpg/220px-Alberto_Crespo_-_El_Gr%C3%A1fico_1643.jpg
366,792,//upload.wikimedia.org/wikipedia/commons/thumb/4/47/Alfredo_Pian_-_El_Gr%C3%A1fico_1573.jpg/220px-Alfredo_Pian_-_El_Gr%C3%A1fico_1573.jpg
367,2,//upload.wikimedia.org/wikipedia/commons/thumb/2/2c/Nick_Heidfeld_Goodwood_Festival_of_Speed_2019_%2848242681251%29.jpg/220px-Nick_Heidfeld_Goodwood_Festival_of_Speed_2019_%2848242681251%29.jpg
368,3,//upload.wikimedia.org/wikipedia/commons/thumb/3/31/Nico_Rosberg_2016.jpg/220px-Nico_Rosberg_2016.jpg
369,5,//upload.wikimedia.org/wikipedia/commons/thumb/2/29/Effect_20190609_091716.jpg/220px-Effect_20190609_091716.jpg
370,6,//upload.wikimedia.org/wikipedia/commons/thumb/a/ad/Kazuki_Nakajima_2012_WEC_Fuji.jpg/220px-Kazuki_Nakajima_2012_WEC_Fuji.jpg
371,7,//upload.wikimedia.org/wikipedia/commons/thumb/4/40/Sebastien_Bourdais_in_2021_%2851221641988%29_%28cropped%29.jpg/220px-Sebastien_Bourdais_in_2021_%2851221641988%29_%28cropped%29.jpg
372,9,//upload.wikimedia.org/wikipedia/commons/thumb/9/90/2019_Formula_One_tests_Barcelona%2C_Kubica_%2832309897777%29.jpg/220px-2019_Formula_One_tests_Barcelona%2C_Kubica_%2832309897777%29.jpg
373,10,//upload.wikimedia.org/wikipedia/commons/thumb/3/3e/Timo_Glock_Canada_2011-Cropped.jpg/220px-Timo_Glock_Canada_2011-Cropped.jpg
374,11,//upload.wikimedia.org/wikipedia/commons/thumb/d/d1/Takuma_Sato_%282021%29.jpg/220px-Takuma_Sato_%282021%29.jpg
375,12,//upload.wikimedia.org/wikipedia/commons/thumb/a/a4/Piquet_Jr._2015.jpg/220px-Piquet_Jr._2015.jpg
376,13,//upload.wikimedia.org/wikipedia/commons/thumb/7/79/Felipe_Massa_Le_Mans_Classic_2018_%28cropped%29.jpg/220px-Felipe_Massa_Le_Mans_Classic_2018_%28cropped%29.jpg
377,14,//upload.wikimedia.org/wikipedia/commons/thumb/b/bc/David_Coulthard_Champions_for_Charity_2022_%28cropped%29.jpg/220px-David_Coulthard_Champions_for_Charity_2022_%28cropped%29.jpg
378,15,//upload.wikimedia.org/wikipedia/commons/thumb/a/a7/Jarno-Trulli-2014-cropped.jpg/220px-Jarno-Trulli-2014-cropped.jpg
379,16,//upload.wikimedia.org/wikipedia/commons/thumb/e/e4/Adrian_Sutil.jpg/220px-Adrian_Sutil.jpg
380,18,//upload.wikimedia.org/wikipedia/commons/thumb/0/06/Jenson_Button_Bahrain_2012_%28crop%29.jpg/220px-Jenson_Button_Bahrain_2012_%28crop%29.jpg
381,19,//upload.wikimedia.org/wikipedia/commons/thumb/7/7f/Anthony_Davidson_Goodwood_Festival_of_Speed_2019_%2848242774922%29.jpg/200px-Anthony_Davidson_Goodwood_Festival_of_Speed_2019_%2848242774922%29.jpg
382,21,//upload.wikimedia.org/wikipedia/commons/thumb/e/e2/Giancarlo_Fisichella_2012_WEC_Fuji.jpg/220px-Giancarlo_Fisichella_2012_WEC_Fuji.jpg
383,22,//upload.wikimedia.org/wikipedia/commons/thumb/2/28/Rubens_Barrichello_2010_Malaysia.jpg/220px-Rubens_Barrichello_2010_Malaysia.jpg
384,23,//upload.wikimedia.org/wikipedia/commons/thumb/d/d1/Ralf_Schumacher%2C_2016.png/220px-Ralf_Schumacher%2C_2016.png
385,24,//upload.wikimedia.org/wikipedia/commons/thumb/0/01/Vitantonio_Liuzzi_2011_Malaysia.jpg/220px-Vitantonio_Liuzzi_2011_Malaysia.jpg
386,25,//upload.wikimedia.org/wikipedia/commons/thumb/5/5f/Alexander_Wurz_-_2016_24_Hours_of_Le_Mans_-_Pit_Walk.jpg/220px-Alexander_Wurz_-_2016_24_Hours_of_Le_Mans_-_Pit_Walk.jpg
387,26,//upload.wikimedia.org/wikipedia/commons/thumb/6/65/Red_Bull_Global_Rallycross_2016_160630-M-NZ408-020.jpg/220px-Red_Bull_Global_Rallycross_2016_160630-M-NZ408-020.jpg
388,27,//upload.wikimedia.org/wikipedia/commons/thumb/0/04/Christijan_Albers_2006_%28cropped%29.JPG/220px-Christijan_Albers_2006_%28cropped%29.JPG
389,28,//upload.wikimedia.org/wikipedia/commons/thumb/a/ab/Markus_winkelhock_brandshatch2014.JPG/200px-Markus_winkelhock_brandshatch2014.JPG
390,29,//upload.wikimedia.org/wikipedia/commons/thumb/9/98/Sakon_Yamamoto_2010_Motorsport_Japan.jpg/220px-Sakon_Yamamoto_2010_Motorsport_Japan.jpg
391,30,//upload.wikimedia.org/wikipedia/commons/thumb/3/32/A%C3%A9cio_Neves%2C_Michael_Schumacher_e_Didi_%28Cropped%29.jpg/220px-A%C3%A9cio_Neves%2C_Michael_Schumacher_e_Didi_%28Cropped%29.jpg
392,31,//upload.wikimedia.org/wikipedia/commons/thumb/9/9a/Juan_Pablo_Montoya_at_2021_Indianapolis_500_%2851222252077%29_%28cropped%29.jpg/220px-Juan_Pablo_Montoya_at_2021_Indianapolis_500_%2851222252077%29_%28cropped%29.jpg
393,32,//upload.wikimedia.org/wikipedia/commons/thumb/7/7f/Christian_Klien_%2813994163352%29.jpg/220px-Christian_Klien_%2813994163352%29.jpg
394,33,//upload.wikimedia.org/wikipedia/commons/thumb/8/88/Tiago_monteiro_spafrancorchamps2014.JPG/200px-Tiago_monteiro_spafrancorchamps2014.JPG
395,34,//upload.wikimedia.org/wikipedia/commons/thumb/9/90/Yuji_Ide_2010_Super_GT_Fuji_400km.jpg/220px-Yuji_Ide_2010_Super_GT_Fuji_400km.jpg
396,35,//upload.wikimedia.org/wikipedia/commons/thumb/6/63/Jacques_Villeneuve_at_Mont-Tremblant_2010_01.jpg/220px-Jacques_Villeneuve_at_Mont-Tremblant_2010_01.jpg
397,36,//upload.wikimedia.org/wikipedia/commons/thumb/a/a9/Franck_Montagny_Le_Mans_drivers_parade_2011_crop.jpg/220px-Franck_Montagny_Le_Mans_drivers_parade_2011_crop.jpg
398,37,//upload.wikimedia.org/wikipedia/commons/thumb/f/fe/Pedro_de_la_Rosa_2010_Malaysia.jpg/220px-Pedro_de_la_Rosa_2010_Malaysia.jpg
399,38,//upload.wikimedia.org/wikipedia/commons/thumb/4/42/Robert_Doornbos_-_Red_Bull_Racing.jpg/220px-Robert_Doornbos_-_Red_Bull_Racing.jpg
400,39,//upload.wikimedia.org/wikipedia/commons/thumb/a/a6/Narain_Karthikeyan_2011_Malaysia2.jpg/220px-Narain_Karthikeyan_2011_Malaysia2.jpg
401,40,//upload.wikimedia.org/wikipedia/commons/thumb/2/26/Patrick_Friesacher.jpg/220px-Patrick_Friesacher.jpg
402,41,//upload.wikimedia.org/wikipedia/commons/thumb/9/97/Ricardo_Zonta_2007_Curitiba.jpg/220px-Ricardo_Zonta_2007_Curitiba.jpg
403,42,//upload.wikimedia.org/wikipedia/commons/thumb/d/d6/Fale_F1_Monza_2004_13.jpg/220px-Fale_F1_Monza_2004_13.jpg
404,67,//upload.wikimedia.org/wikipedia/commons/thumb/d/d6/Sebastien_Buemi_-_Red_Bull_Racing_%28cropped%29.jpg/220px-Sebastien_Buemi_-_Red_Bull_Racing_%28cropped%29.jpg
405,69,//upload.wikimedia.org/wikipedia/commons/thumb/c/cc/Luca_Badoer_2021.jpg/220px-Luca_Badoer_2021.jpg
406,76,//upload.wikimedia.org/wikipedia/commons/thumb/0/03/Jan_Magnussen_%2837535519996%29_%28cropped%29.jpg/220px-Jan_Magnussen_%2837535519996%29_%28cropped%29.jpg
407,153,//upload.wikimedia.org/wikipedia/commons/thumb/8/84/Jaime_Alguersuari_Canada_2010_cropped.jpg/220px-Jaime_Alguersuari_Canada_2010_cropped.jpg
408,154,//upload.wikimedia.org/wikipedia/commons/thumb/5/5a/Romain_Grosjean_%282021%29.jpg/220px-Romain_Grosjean_%282021%29.jpg
409,155,//upload.wikimedia.org/wikipedia/commons/thumb/1/17/Kamui_Kobayashi_2010_Malaysia.jpg/220px-Kamui_Kobayashi_2010_Malaysia.jpg
410,376,//upload.wikimedia.org/wikipedia/commons/thumb/a/ac/BianciLucien_19680802.jpg/220px-BianciLucien_19680802.jpg
411,807,//upload.wikimedia.org/wikipedia/commons/thumb/c/cd/Nico_Hulkenberg_2016_Malaysia.jpg/220px-Nico_Hulkenberg_2016_Malaysia.jpg
412,808,//upload.wikimedia.org/wikipedia/commons/thumb/3/31/Vitaly_Petrov_in_Goodwood.jpg/220px-Vitaly_Petrov_in_Goodwood.jpg
413,810,//upload.wikimedia.org/wikipedia/commons/thumb/0/01/TechCrunch_Disrupt_Berlin_2018_%28Day_1%29_08_%28cropped%29.jpg/220px-TechCrunch_Disrupt_Berlin_2018_%28Day_1%29_08_%28cropped%29.jpg
414,811,//upload.wikimedia.org/wikipedia/commons/thumb/3/32/Bruno_Senna_canada_2011.jpg/220px-Bruno_Senna_canada_2011.jpg
415,812,//upload.wikimedia.org/wikipedia/commons/thumb/3/32/Karun_Chandhok_Goodwood_Festival_of_Speed_2019_%2848242680701%29.jpg/220px-Karun_Chandhok_Goodwood_Festival_of_Speed_2019_%2848242680701%29.jpg
416,813,//upload.wikimedia.org/wikipedia/commons/thumb/0/00/Pastor_Maldonado_2015_Malaysia.jpg/220px-Pastor_Maldonado_2015_Malaysia.jpg
417,814,//upload.wikimedia.org/wikipedia/commons/thumb/d/df/2014_DTM_HockenheimringII_Paul_di_Resta_by_2eight_8SC5384.jpg/220px-2014_DTM_HockenheimringII_Paul_di_Resta_by_2eight_8SC5384.jpg
418,816,//upload.wikimedia.org/wikipedia/commons/thumb/4/46/DAmbrosioBerlin.jpg/220px-DAmbrosioBerlin.jpg
419,818,//upload.wikimedia.org/wikipedia/commons/thumb/b/b6/Jean-%C3%89ric_Vergne_at_2018_Berlin_ePrix_podium.jpg/220px-Jean-%C3%89ric_Vergne_at_2018_Berlin_ePrix_podium.jpg
420,819,//upload.wikimedia.org/wikipedia/commons/thumb/e/ef/Charles_Pic_Moscow_2013.jpg/220px-Charles_Pic_Moscow_2013.jpg
421,820,//upload.wikimedia.org/wikipedia/commons/thumb/f/f8/Max_Chilton_2.jpg/220px-Max_Chilton_2.jpg
422,821,//upload.wikimedia.org/wikipedia/commons/thumb/d/df/Esteban_Guti%C3%A9rrez_en_el_Gran_Premio_de_Italia_2019_%28cropped%29.jpg/220px-Esteban_Guti%C3%A9rrez_en_el_Gran_Premio_de_Italia_2019_%28cropped%29.jpg
423,823,//upload.wikimedia.org/wikipedia/commons/thumb/b/b7/Giedo_van_der_Garde.jpg/220px-Giedo_van_der_Garde.jpg
424,824,//upload.wikimedia.org/wikipedia/commons/thumb/0/03/Jules_Bianchi_2012-1.JPG/220px-Jules_Bianchi_2012-1.JPG
425,825,//upload.wikimedia.org/wikipedia/commons/thumb/6/63/Kevin_Magnussen%2C_2019_Formula_One_Tests_Barcelona_%28cropped%29.jpg/220px-Kevin_Magnussen%2C_2019_Formula_One_Tests_Barcelona_%28cropped%29.jpg
426,826,//upload.wikimedia.org/wikipedia/commons/thumb/4/44/Daniil_Kvyat_USA_2017.jpg/240px-Daniil_Kvyat_USA_2017.jpg
427,827,//upload.wikimedia.org/wikipedia/commons/thumb/5/57/2022_Mexico_City_ePrix_podium_-_Lotterer.jpg/220px-2022_Mexico_City_ePrix_podium_-_Lotterer.jpg
428,828,//upload.wikimedia.org/wikipedia/commons/thumb/b/bc/Marcus_Ericsson_%282021%29.jpg/220px-Marcus_Ericsson_%282021%29.jpg
429,829,//upload.wikimedia.org/wikipedia/commons/thumb/c/c5/Will_Stevens_2017.jpg/250px-Will_Stevens_2017.jpg
430,831,//upload.wikimedia.org/wikipedia/commons/thumb/c/c8/Piloto_Felipe_Nasr_fala_%C3%A0_imprensa_ap%C3%B3s_encontro_com_Temer_%2828412246304%29_%28cropped%29.jpg/220px-Piloto_Felipe_Nasr_fala_%C3%A0_imprensa_ap%C3%B3s_encontro_com_Temer_%2828412246304%29_%28cropped%29.jpg
431,833,//upload.wikimedia.org/wikipedia/commons/thumb/a/ab/Roberto_Merhi_Austria_2022.jpg/220px-Roberto_Merhi_Austria_2022.jpg
432,834,//upload.wikimedia.org/wikipedia/commons/thumb/4/45/Andretti_Autosport_Visit_180405-F-KS667-0012_%28cropped%29.jpg/220px-Andretti_Autosport_Visit_180405-F-KS667-0012_%28cropped%29.jpg
433,835,//upload.wikimedia.org/wikipedia/commons/thumb/6/6c/Jolyon_Palmer_2016_Malaysia.jpg/220px-Jolyon_Palmer_2016_Malaysia.jpg
434,836,//upload.wikimedia.org/wikipedia/commons/thumb/0/0d/2022_Mexico_City_ePrix_podium_-_Wehrlein.jpg/220px-2022_Mexico_City_ePrix_podium_-_Wehrlein.jpg
435,837,//upload.wikimedia.org/wikipedia/commons/thumb/b/be/Rio_Haryanto_Jakarta_2011.jpg/220px-Rio_Haryanto_Jakarta_2011.jpg
436,838,//upload.wikimedia.org/wikipedia/commons/thumb/b/bc/Stoffel_Vandoorne_IAA_2019.jpg/180px-Stoffel_Vandoorne_IAA_2019.jpg
437,843,//upload.wikimedia.org/wikipedia/commons/thumb/0/09/Brendon_Hartley_Wiki.jpg/220px-Brendon_Hartley_Wiki.jpg
